Wall time,Step,Value
1696372866.7703135,300374,0.005618549417704344
