Wall time,Step,Value
1700923369.4908626,35999,0.38933083415031433
1700936783.255293,71999,0.32636889815330505
1700950228.166064,107999,0.29276043176651
1700963717.8604677,143999,0.3130258023738861
1700977186.8532264,179999,0.31369978189468384
1700990663.8655229,215999,0.3073182702064514
1701004129.4843013,251999,0.31242382526397705
1701017611.129627,287999,0.30347681045532227
1701031081.6033764,323999,0.3148249089717865
